"Zeit (s) Messreihe #1";"Position (m) Messreihe #1"
0,000;0,2357
0,050;0,2283
0,100;0,2248
0,150;0,2242
0,200;0,2144
0,250;0,2085
0,300;0,2057
0,350;0,2028
0,400;0,2015
0,450;0,1982
0,500;0,1964
0,550;0,1954
0,600;0,1947
0,650;0,1942
0,700;0,1937
0,750;0,1929
0,800;0,1894
0,850;0,1882
0,900;0,1872
0,950;0,1858
1,000;0,1846
1,050;0,1835
1,100;0,1823
1,150;0,1808
1,200;0,1808
1,250;0,1804
1,300;0,1801
1,350;0,1799
1,400;0,1803
1,450;0,1804
1,500;0,1806
1,550;0,1806
1,600;0,1809
1,650;0,1811
1,700;0,1811
1,750;0,1811
1,800;0,1811
1,850;0,1811
1,900;0,1813
1,950;0,1813
2,000;0,1813
2,050;0,1815
2,100;0,1816
2,150;0,1818
2,200;0,1820
2,250;0,1827
2,300;0,1830
2,350;0,1832
2,400;0,1842
2,450;0,1850
2,500;0,1876
2,550;0,1904
2,600;0,1938
2,650;0,1957
2,700;0,2011
2,750;0,3722
2,800;0,4065
2,850;0,4348
2,900;0,4633
2,950;0,4914
3,000;0,5211
3,050;0,5474
3,100;0,5720
3,150;0,5947
3,200;0,6170
3,250;0,6409
3,300;0,6547
3,350;0,6608
3,400;0,6658
3,450;0,6701
3,500;0,6706
3,550;0,6673
3,600;0,6591
3,650;0,6516
3,700;0,6355
3,750;0,6145
3,800;0,5921
3,850;0,5694
3,900;0,5449
3,950;0,5173
4,000;0,4898
4,050;0,4620
4,100;0,4343
4,150;0,4069
4,200;0,3802
4,250;0,3546
4,300;0,3307
4,350;0,3089
4,400;0,2898
4,450;0,2733
4,500;0,2602
4,550;0,2504
4,600;0,2441
4,650;0,2415
4,700;0,2426
4,750;0,2472
4,800;0,2554
4,850;0,2672
4,900;0,2820
4,950;0,2998
5,000;0,3198
5,050;0,3423
5,100;0,3667
5,150;0,3922
5,200;0,4185
5,250;0,4453
5,300;0,4721
5,350;0,4985
5,400;0,5259
5,450;0,5500
5,500;0,5723
5,550;0,5925
5,600;0,6128
5,650;0,6336
5,700;0,6490
5,750;0,6571
5,800;0,6549
5,850;0,6570
5,900;0,6524
5,950;0,6576
6,000;0,6465
6,050;0,6290
6,100;0,6139
6,150;0,5941
6,200;0,5742
6,250;0,5525
6,300;0,5294
6,350;0,5033
6,400;0,4778
6,450;0,4523
6,500;0,4268
6,550;0,4022
6,600;0,3782
6,650;0,3554
6,700;0,3344
6,750;0,3157
6,800;0,2997
6,850;0,2862
6,900;0,2755
6,950;0,2679
7,000;0,2639
7,050;0,2630
7,100;0,2651
7,150;0,2704
7,200;0,2790
7,250;0,2906
7,300;0,3050
7,350;0,3215
7,400;0,3403
7,450;0,3609
7,500;0,3830
7,550;0,4061
7,600;0,4296
7,650;0,4533
7,700;0,4767
7,750;0,4998
7,800;0,5238
7,850;0,5443
7,900;0,5633
7,950;0,5800
8,000;0,5947
8,050;0,6071
8,100;0,6181
8,150;0,6248
8,200;0,6309
8,250;0,6307
8,300;0,6256
8,350;0,6198
8,400;0,6091
8,450;0,5978
8,500;0,5843
8,550;0,5687
8,600;0,5514
8,650;0,5325
8,700;0,5103
8,750;0,4891
8,800;0,4674
8,850;0,4459
8,900;0,4245
8,950;0,4036
9,000;0,3840
9,050;0,3655
9,100;0,3486
9,150;0,3336
9,200;0,3208
9,250;0,3103
9,300;0,3026
9,350;0,2974
9,400;0,2948
9,450;0,2951
9,500;0,2981
9,550;0,3040
9,600;0,3120
9,650;0,3224
9,700;0,3349
9,750;0,3495
9,800;0,3655
9,850;0,3828
9,900;0,4008
9,950;0,4197
10,000;0,4388
10,050;0,4581
10,100;0,4766
10,150;0,4949
10,200;0,5122
10,250;0,5298
10,300;0,5447
10,350;0,5573
10,400;0,5680
10,450;0,5767
10,500;0,5833
10,550;0,5873
10,600;0,5890
10,650;0,5883
10,700;0,5855
10,750;0,5804
10,800;0,5729
10,850;0,5635
10,900;0,5525
10,950;0,5400
11,000;0,5260
11,050;0,5089
11,100;0,4927
11,150;0,4764
11,200;0,4600
11,250;0,4437
11,300;0,4275
11,350;0,4121
11,400;0,3976
11,450;0,3842
11,500;0,3721
11,550;0,3616
11,600;0,3527
11,650;0,3456
11,700;0,3406
11,750;0,3375
11,800;0,3364
11,850;0,3372
11,900;0,3401
11,950;0,3449
12,000;0,3512
12,050;0,3593
12,100;0,3687
12,150;0,3795
12,200;0,3912
12,250;0,4037
12,300;0,4168
12,350;0,4302
12,400;0,4438
12,450;0,4572
12,500;0,4702
12,550;0,4828
12,600;0,4947
12,650;0,5055
12,700;0,5170
12,750;0,5254
12,800;0,5322
12,850;0,5376
12,900;0,5412
12,950;0,5437
13,000;0,5442
13,050;0,5433
13,100;0,5407
13,150;0,5368
13,200;0,5317
13,250;0,5254
13,300;0,5161
13,350;0,5075
13,400;0,4982
13,450;0,4884
13,500;0,4784
13,550;0,4681
13,600;0,4576
13,650;0,4475
13,700;0,4376
13,750;0,4283
13,800;0,4195
13,850;0,4114
13,900;0,4043
13,950;0,3983
14,000;0,3933
14,050;0,3893
14,100;0,3863
14,150;0,3848
14,200;0,3844
14,250;0,3852
14,300;0,3869
14,350;0,3897
14,400;0,3934
14,450;0,3982
14,500;0,4034
14,550;0,4090
14,600;0,4156
14,650;0,4223
14,700;0,4293
14,750;0,4362
14,800;0,4431
14,850;0,4501
14,900;0,4567
14,950;0,4630
15,000;0,4687
15,050;0,4739
15,100;0,4786
15,150;0,4827
15,200;0,4862
15,250;0,4886
15,300;0,4905
15,350;0,4917
15,400;0,4923
15,450;0,4919
15,500;0,4911
15,550;0,4896
15,600;0,4877
15,650;0,4853
15,700;0,4824
15,750;0,4793
15,800;0,4759
15,850;0,4722
15,900;0,4686
15,950;0,4650
16,000;0,4614
16,050;0,4578
16,100;0,4545
16,150;0,4514
16,200;0,4485
16,250;0,4459
16,300;0,4435
16,350;0,4416
16,400;0,4397
16,450;0,4383
16,500;0,4371
16,550;0,4362
16,600;0,4355
16,650;0,4350
16,700;0,4348
16,750;0,4346
16,800;0,4346
16,850;0,4348
16,900;0,4350
16,950;0,4352
17,000;0,4355
17,050;0,4357
17,100;0,4360
17,150;0,4362
17,200;0,4365
17,250;0,4367
17,300;0,4367
17,350;0,4369
17,400;0,4370
17,450;0,4372
17,500;0,4374
17,550;0,4377
17,600;0,4381
17,650;0,4386
17,700;0,4393
17,750;0,4401
17,800;0,4411
17,850;0,4425
17,900;0,4441
17,950;0,4459
18,000;0,4478
18,050;0,4502
18,100;0,4528
18,150;0,4556
18,200;0,4585
18,250;0,4616
18,300;0,4647
18,350;0,4679
18,400;0,4712
18,450;0,4743
18,500;0,4772
18,550;0,4800
18,600;0,4826
18,650;0,4848
18,700;0,4864
18,750;0,4876
18,800;0,4885
18,850;0,4887
18,900;0,4882
18,950;0,4872
19,000;0,4855
19,050;0,4831
19,100;0,4800
19,150;0,4762
19,200;0,4719
19,250;0,4671
19,300;0,4618
19,350;0,4561
19,400;0,4500
19,450;0,4434
19,500;0,4370
19,550;0,4305
19,600;0,4240
19,650;0,4176
19,700;0,4117
19,750;0,4062
19,800;0,4014
19,850;0,3971
19,900;0,3934
19,950;0,3908
20,000;0,3893
20,050;0,3885
20,100;0,3889
20,150;0,3904
20,200;0,3929
20,250;0,3965
20,300;0,4013
20,350;0,4068
20,400;0,4135
20,450;0,4209
20,500;0,4291
20,550;0,4380
20,600;0,4473
20,650;0,4569
20,700;0,4667
20,750;0,4765
20,800;0,4860
20,850;0,4953
20,900;0,5041
20,950;0,5122
21,000;0,5196
21,050;0,5274
21,100;0,5324
21,150;0,5360
21,200;0,5385
21,250;0,5396
21,300;0,5389
21,350;0,5368
21,400;0,5332
21,450;0,5282
21,500;0,5218
21,550;0,5123
21,600;0,5032
21,650;0,4931
21,700;0,4819
21,750;0,4701
21,800;0,4579
21,850;0,4451
21,900;0,4322
21,950;0,4195
22,000;0,4069
22,050;0,3950
22,100;0,3838
22,150;0,3734
22,200;0,3643
22,250;0,3563
22,300;0,3501
22,350;0,3454
22,400;0,3425
22,450;0,3414
22,500;0,3424
22,550;0,3451
22,600;0,3499
22,650;0,3564
22,700;0,3646
22,750;0,3745
22,800;0,3860
22,850;0,3987
22,900;0,4124
22,950;0,4272
23,000;0,4425
23,050;0,4581
23,100;0,4739
23,150;0,4894
23,200;0,5047
23,250;0,5195
23,300;0,5347
23,350;0,5470
23,400;0,5577
23,450;0,5668
23,500;0,5741
23,550;0,5792
23,600;0,5822
23,650;0,5831
23,700;0,5818
23,750;0,5781
23,800;0,5722
23,850;0,5641
23,900;0,5541
23,950;0,5422
24,000;0,5283
24,050;0,5127
24,100;0,4948
24,150;0,4775
24,200;0,4594
24,250;0,4411
24,300;0,4227
24,350;0,4046
24,400;0,3870
24,450;0,3705
24,500;0,3550
24,550;0,3410
24,600;0,3287
24,650;0,3185
24,700;0,3106
24,750;0,3050
24,800;0,3019
24,850;0,3013
24,900;0,3035
24,950;0,3083
25,000;0,3154
25,050;0,3252
25,100;0,3372
25,150;0,3512
25,200;0,3674
25,250;0,3849
25,300;0,4037
25,350;0,4235
25,400;0,4439
25,450;0,4645
25,500;0,4852
25,550;0,5056
25,600;0,5271
25,650;0,5456
25,700;0,5623
25,750;0,5775
25,800;0,5908
25,850;0,6015
25,900;0,6118
25,950;0,6179
26,000;0,6213
26,050;0,6214
26,100;0,6181
26,150;0,6109
26,200;0,6017
26,250;0,5899
26,300;0,5760
26,350;0,5601
26,400;0,5422
26,450;0,5227
26,500;0,5000
26,550;0,4779
26,600;0,4554
26,650;0,4326
26,700;0,4101
26,750;0,3882
26,800;0,3668
26,850;0,3469
26,900;0,3287
26,950;0,3126
27,000;0,2986
27,050;0,2872
27,100;0,2787
27,150;0,2732
27,200;0,2707
27,250;0,2714
27,300;0,2751
27,350;0,2819
27,400;0,2920
27,450;0,3047
27,500;0,3201
27,550;0,3378
27,600;0,3577
27,650;0,3793
27,700;0,4021
27,750;0,4258
27,800;0,4500
27,850;0,4744
27,900;0,4987
27,950;0,5243
28,000;0,5465
28,050;0,5671
28,100;0,5861
28,150;0,6030
28,200;0,6195
28,250;0,6338
28,300;0,6544
28,350;0,6604
28,400;0,6484
28,450;0,6542
28,500;0,6521
28,550;0,6380
28,600;0,6215
28,650;0,6048
28,700;0,5877
28,750;0,5685
28,800;0,5474
28,850;0,5240
28,900;0,4982
28,950;0,4730
29,000;0,4475
29,050;0,4218
29,100;0,3967
29,150;0,3722
29,200;0,3489
29,250;0,3273
29,300;0,3078
29,350;0,2907
29,400;0,2764
29,450;0,2652
29,500;0,2570
29,550;0,2523
29,600;0,2511
29,650;0,2534
29,700;0,2591
29,750;0,2681
29,800;0,2805
29,850;0,2957
29,900;0,3139
29,950;0,3344
30,000;0,3569
30,050;0,3811
30,100;0,4065
30,150;0,4328
30,200;0,4592
30,250;0,4855
30,300;0,5116
30,350;0,5383
30,400;0,5619
30,450;0,5836
30,500;0,6032
30,550;0,6220
30,600;0,6501
30,650;0,6526
30,700;0,6571
30,750;0,6607
30,800;0,6606
30,850;0,6574
30,900;0,6511
30,950;0,6493
31,000;0,6268
31,050;0,6082
31,100;0,5890
31,150;0,5675
31,200;0,5444
31,250;0,5178
31,300;0,4915
31,350;0,4648
31,400;0,4377
31,450;0,4108
31,500;0,3848
31,550;0,3596
31,600;0,3360
31,650;0,3144
31,700;0,2951
31,750;0,2785
31,800;0,2650
31,850;0,2547
31,900;0,2479
31,950;0,2444
32,000;0,2447
32,050;0,2486
32,100;0,2559
32,150;0,2669
32,200;0,2808
32,250;0,2979
32,300;0,3176
32,350;0,3396
32,400;0,3636
32,450;0,3888
32,500;0,4152
32,550;0,4420
32,600;0,4690
32,650;0,4958
32,700;0,5235
32,750;0,5485
32,800;0,5714
32,850;0,5923
32,900;0,6130
32,950;0,6322
33,000;0,6530
33,050;0,6554
33,100;0,6589
33,150;0,6589
33,200;0,6608
33,250;0,6558
33,300;0,6515
33,350;0,6549
33,400;0,6206
33,450;0,6006
33,500;0,5806
33,550;0,5586
33,600;0,5347
33,650;0,5077
33,700;0,4813
33,750;0,4548
33,800;0,4282
33,850;0,4020
33,900;0,3767
33,950;0,3525
34,000;0,3301
34,050;0,3097
34,100;0,2920
34,150;0,2771
34,200;0,2652
34,250;0,2565
34,300;0,2513
34,350;0,2497
34,400;0,2516
34,450;0,2568
34,500;0,2656
34,550;0,2775
34,600;0,2924
34,650;0,3099
34,700;0,3300
34,750;0,3521
34,800;0,3758
34,850;0,4007
34,900;0,4261
34,950;0,4519
35,000;0,4776
35,050;0,5030
35,100;0,5291
35,150;0,5521
35,200;0,5732
35,250;0,5921
35,300;0,6093
35,350;0,6251
35,400;0,6483
35,450;0,6520
35,500;0,6535
35,550;0,6568
35,600;0,6574
35,650;0,6589
35,700;0,6374
35,750;0,6190
35,800;0,6019
35,850;0,5844
35,900;0,5649
35,950;0,5436
36,000;0,5193
36,050;0,4949
36,100;0,4702
36,150;0,4456
36,200;0,4209
36,250;0,3972
36,300;0,3742
36,350;0,3525
36,400;0,3328
36,450;0,3150
36,500;0,2998
36,550;0,2874
36,600;0,2779
36,650;0,2713
36,700;0,2680
36,750;0,2679
36,800;0,2710
36,850;0,2771
36,900;0,2864
36,950;0,2983
37,000;0,3129
37,050;0,3299
37,100;0,3487
37,150;0,3693
37,200;0,3911
37,250;0,4136
37,300;0,4368
37,350;0,4600
37,400;0,4829
37,450;0,5052
37,500;0,5281
37,550;0,5481
37,600;0,5659
37,650;0,5818
37,700;0,5954
37,750;0,6066
37,800;0,6173
37,850;0,6225
37,900;0,6252
37,950;0,6248
38,000;0,6212
38,050;0,6139
38,100;0,6031
38,150;0,5916
38,200;0,5776
38,250;0,5618
38,300;0,5440
38,350;0,5244
38,400;0,5029
38,450;0,4818
38,500;0,4607
38,550;0,4393
38,600;0,4184
38,650;0,3983
38,700;0,3791
38,750;0,3612
38,800;0,3451
38,850;0,3310
38,900;0,3189
38,950;0,3094
39,000;0,3025
39,050;0,2981
39,100;0,2963
39,150;0,2975
39,200;0,3012
39,250;0,3076
39,300;0,3163
39,350;0,3272
39,400;0,3403
39,450;0,3550
39,500;0,3715
39,550;0,3888
39,600;0,4072
39,650;0,4261
39,700;0,4452
39,750;0,4641
39,800;0,4826
39,850;0,5007
39,900;0,5193
39,950;0,5350
40,000;0,5490
40,050;0,5609
40,100;0,5711
40,150;0,5791
40,200;0,5849
40,250;0,5882
40,300;0,5892
40,350;0,5877
40,400;0,5840
40,450;0,5780
40,500;0,5700
40,550;0,5603
40,600;0,5482
40,650;0,5353
40,700;0,5190
40,750;0,5036
40,800;0,4872
40,850;0,4709
40,900;0,4542
40,950;0,4376
41,000;0,4216
41,050;0,4063
41,100;0,3919
41,150;0,3788
41,200;0,3671
41,250;0,3569
41,300;0,3484
41,350;0,3420
41,400;0,3375
41,450;0,3349
41,500;0,3345
41,550;0,3362
41,600;0,3398
41,650;0,3451
41,700;0,3522
41,750;0,3610
41,800;0,3711
41,850;0,3824
41,900;0,3948
41,950;0,4078
42,000;0,4214
42,050;0,4353
42,100;0,4491
42,150;0,4628
42,200;0,4761
42,250;0,4887
42,300;0,5006
42,350;0,5112
42,400;0,5214
42,450;0,5304
42,500;0,5372
42,550;0,5422
42,600;0,5459
42,650;0,5475
42,700;0,5477
42,750;0,5460
42,800;0,5428
42,850;0,5384
42,900;0,5324
42,950;0,5254
43,000;0,5152
43,050;0,5060
43,100;0,4960
43,150;0,4855
43,200;0,4747
43,250;0,4637
43,300;0,4526
43,350;0,4420
43,400;0,4318
43,450;0,4220
43,500;0,4128
43,550;0,4047
43,600;0,3976
43,650;0,3914
43,700;0,3866
43,750;0,3828
43,800;0,3803
43,850;0,3791
43,900;0,3792
43,950;0,3804
44,000;0,3830
44,050;0,3864
44,100;0,3910
44,150;0,3965
44,200;0,4025
44,250;0,4094
44,300;0,4166
44,350;0,4243
44,400;0,4320
44,450;0,4399
44,500;0,4479
44,550;0,4554
44,600;0,4627
44,650;0,4696
44,700;0,4758
44,750;0,4815
44,800;0,4865
44,850;0,4906
44,900;0,4941
44,950;0,4967
45,000;0,4983
45,050;0,4991
45,100;0,4992
45,150;0,4983
45,200;0,4968
45,250;0,4946
45,300;0,4917
45,350;0,4882
45,400;0,4845
45,450;0,4802
45,500;0,4757
45,550;0,4711
45,600;0,4664
45,650;0,4616
45,700;0,4570
45,750;0,4525
45,800;0,4483
45,850;0,4444
45,900;0,4407
45,950;0,4375
46,000;0,4347
46,050;0,4323
46,100;0,4306
46,150;0,4290
46,200;0,4279
46,250;0,4274
46,300;0,4272
46,350;0,4272
46,400;0,4277
46,450;0,4284
46,500;0,4295
46,550;0,4307
46,600;0,4319
46,650;0,4334
46,700;0,4348
46,750;0,4363
46,800;0,4377
46,850;0,4393
46,900;0,4406
46,950;0,4418
47,000;0,4432
47,050;0,4442
47,100;0,4453
47,150;0,4461
47,200;0,4470
47,250;0,4477
47,300;0,4484
47,350;0,4491
47,400;0,4496
47,450;0,4503
47,500;0,4510
47,550;0,4516
47,600;0,4525
47,650;0,4534
47,700;0,4544
47,750;0,4556
47,800;0,4570
47,850;0,4583
47,900;0,4601
47,950;0,4616
48,000;0,4635
48,050;0,4652
48,100;0,4671
48,150;0,4690
48,200;0,4707
48,250;0,4723
48,300;0,4738
48,350;0,4750
48,400;0,4761
48,450;0,4768
48,500;0,4773
48,550;0,4771
48,600;0,4768
48,650;0,4758
48,700;0,4744
48,750;0,4727
48,800;0,4703
48,850;0,4676
48,900;0,4643
48,950;0,4607
49,000;0,4566
49,050;0,4523
49,100;0,4477
49,150;0,4427
49,200;0,4379
49,250;0,4327
49,300;0,4279
49,350;0,4229
49,400;0,4184
49,450;0,4141
49,500;0,4103
49,550;0,4070
49,600;0,4044
49,650;0,4025
49,700;0,4013
49,750;0,4007
49,800;0,4014
49,850;0,4026
49,900;0,4048
49,950;0,4079
50,000;0,4120
50,050;0,4166
50,100;0,4223
50,150;0,4285
50,200;0,4353
50,250;0,4427
50,300;0,4504
50,350;0,4583
50,400;0,4664
50,450;0,4745
50,500;0,4824
50,550;0,4902
50,600;0,4974
50,650;0,5041
50,700;0,5100
50,750;0,5151
50,800;0,5211
50,850;0,5240
50,900;0,5260
50,950;0,5265
51,000;0,5259
51,050;0,5238
51,100;0,5206
51,150;0,5162
51,200;0,5086
51,250;0,5016
51,300;0,4937
51,350;0,4846
51,400;0,4750
51,450;0,4647
51,500;0,4540
51,550;0,4430
51,600;0,4320
51,650;0,4210
51,700;0,4101
51,750;0,3999
51,800;0,3905
51,850;0,3817
51,900;0,3739
51,950;0,3673
52,000;0,3621
52,050;0,3585
52,100;0,3562
52,150;0,3557
52,200;0,3567
52,250;0,3594
52,300;0,3638
52,350;0,3698
52,400;0,3773
52,450;0,3863
52,500;0,3965
52,550;0,4080
52,600;0,4202
52,650;0,4333
52,700;0,4470
52,750;0,4608
52,800;0,4747
52,850;0,4886
52,900;0,5020
52,950;0,5149
53,000;0,5284
53,050;0,5391
53,100;0,5483
53,150;0,5559
53,200;0,5618
53,250;0,5660
53,300;0,5683
53,350;0,5687
53,400;0,5670
53,450;0,5633
53,500;0,5575
53,550;0,5500
53,600;0,5404
53,650;0,5293
53,700;0,5154
53,750;0,5015
53,800;0,4863
53,850;0,4709
53,900;0,4547
53,950;0,4382
54,000;0,4218
54,050;0,4056
54,100;0,3901
54,150;0,3753
54,200;0,3616
54,250;0,3494
54,300;0,3388
54,350;0,3300
54,400;0,3233
54,450;0,3188
54,500;0,3165
54,550;0,3164
54,600;0,3188
54,650;0,3237
54,700;0,3307
54,750;0,3400
54,800;0,3513
54,850;0,3643
54,900;0,3791
54,950;0,3954
55,000;0,4125
55,050;0,4306
55,100;0,4491
55,150;0,4678
55,200;0,4866
55,250;0,5049
55,300;0,5241
55,350;0,5406
55,400;0,5560
55,450;0,5693
55,500;0,5807
55,550;0,5901
55,600;0,5972
55,650;0,6017
55,700;0,6041
55,750;0,6033
55,800;0,6001
55,850;0,5942
55,900;0,5859
55,950;0,5751
56,000;0,5621
56,050;0,5470
56,100;0,5302
56,150;0,5104
56,200;0,4908
56,250;0,4706
56,300;0,4500
56,350;0,4291
56,400;0,4086
56,450;0,3886
56,500;0,3695
56,550;0,3516
56,600;0,3352
56,650;0,3208
56,700;0,3086
56,750;0,2987
56,800;0,2914
56,850;0,2869
56,900;0,2853
56,950;0,2865
57,000;0,2907
57,050;0,2976
57,100;0,3073
57,150;0,3196
57,200;0,3344
57,250;0,3512
57,300;0,3699
57,350;0,3900
57,400;0,4112
57,450;0,4332
57,500;0,4557
57,550;0,4782
57,600;0,5004
57,650;0,5222
57,700;0,5439
57,750;0,5631
57,800;0,5800
57,850;0,5950
57,900;0,6078
57,950;0,6199
58,000;0,6299
58,050;0,6347
58,100;0,6352
58,150;0,6363
58,200;0,6255
58,250;0,6171
58,300;0,6037
58,350;0,5898
58,400;0,5737
58,450;0,5555
58,500;0,5358
58,550;0,5136
58,600;0,4892
58,650;0,4656
58,700;0,4418
58,750;0,4180
58,800;0,3946
58,850;0,3722
58,900;0,3508
58,950;0,3311
59,000;0,3133
59,050;0,2981
59,100;0,2853
59,150;0,2755
59,200;0,2687
59,250;0,2652
59,300;0,2648
59,350;0,2677
59,400;0,2738
59,450;0,2831
59,500;0,2954
59,550;0,3103
59,600;0,3278
59,650;0,3475
59,700;0,3690
59,750;0,3920
59,800;0,4158
59,850;0,4404
59,900;0,4651
59,950;0,4897
60,000;0,5141
60,050;0,5387
60,100;0,5606
60,150;0,5804
60,200;0,5980
60,250;0,6156
60,300;0,6287
60,350;0,6576
60,400;0,6563
60,450;0,6523
60,500;0,6515
60,550;0,6522
60,600;0,6454
60,650;0,6261
60,700;0,6119
60,750;0,5940
60,800;0,5755
60,850;0,5551
60,900;0,5326
60,950;0,5069
61,000;0,4821
61,050;0,4570
61,100;0,4315
61,150;0,4065
61,200;0,3820
61,250;0,3587
61,300;0,3370
61,350;0,3171
61,400;0,2995
61,450;0,2847
61,500;0,2726
61,550;0,2638
61,600;0,2580
61,650;0,2557
61,700;0,2569
61,750;0,2615
61,800;0,2693
61,850;0,2805
61,900;0,2945
61,950;0,3113
62,000;0,3305
62,050;0,3520
62,100;0,3749
62,150;0,3991
62,200;0,4244
62,250;0,4500
62,300;0,4754
62,350;0,5008
62,400;0,5272
62,450;0,5501
62,500;0,5713
62,550;0,5907
62,600;0,6097
62,650;0,6244
62,700;0,6476
62,750;0,6554
62,800;0,6569
62,850;0,6513
62,900;0,6530
62,950;0,6548
63,000;0,6468
63,050;0,6222
63,100;0,6054
63,150;0,5879
63,200;0,5685
63,250;0,5469
63,300;0,5230
63,350;0,4976
63,400;0,4725
63,450;0,4472
63,500;0,4218
63,550;0,3972
63,600;0,3732
63,650;0,3506
63,700;0,3297
63,750;0,3111
63,800;0,2949
63,850;0,2814
63,900;0,2710
63,950;0,2637
64,000;0,2597
64,050;0,2592
64,100;0,2619
64,150;0,2680
64,200;0,2772
64,250;0,2894
64,300;0,3043
64,350;0,3218
64,400;0,3415
64,450;0,3631
64,500;0,3861
64,550;0,4100
64,600;0,4345
64,650;0,4594
64,700;0,4840
64,750;0,5080
64,800;0,5327
64,850;0,5544
64,900;0,5739
64,950;0,5915
65,000;0,6072
65,050;0,6213
65,100;0,6353
65,150;0,6563
65,200;0,6527
65,250;0,6495
65,300;0,6499
65,350;0,6341
65,400;0,6211
65,450;0,6061
65,500;0,5911
65,550;0,5737
65,600;0,5545
65,650;0,5333
65,700;0,5093
65,750;0,4859
65,800;0,4621
65,850;0,4383
65,900;0,4149
65,950;0,3921
66,000;0,3702
66,050;0,3499
66,100;0,3314
66,150;0,3150
66,200;0,3012
66,250;0,2900
66,300;0,2815
66,350;0,2761
66,400;0,2738
66,450;0,2746
66,500;0,2784
66,550;0,2852
66,600;0,2949
66,650;0,3074
66,700;0,3222
66,750;0,3393
66,800;0,3582
66,850;0,3784
66,900;0,3999
66,950;0,4221
67,000;0,4446
67,050;0,4669
67,100;0,4889
67,150;0,5104
67,200;0,5323
67,250;0,5512
67,300;0,5680
67,350;0,5828
67,400;0,5953
67,450;0,6051
67,500;0,6144
67,550;0,6191
67,600;0,6210
67,650;0,6192
67,700;0,6147
67,750;0,6058
67,800;0,5961
67,850;0,5839
67,900;0,5699
67,950;0,5537
68,000;0,5361
68,050;0,5156
68,100;0,4949
68,150;0,4743
68,200;0,4532
68,250;0,4326
68,300;0,4122
68,350;0,3928
68,400;0,3743
68,450;0,3572
68,500;0,3420
68,550;0,3287
68,600;0,3178
68,650;0,3092
68,700;0,3031
68,750;0,2998
68,800;0,2991
68,850;0,3009
68,900;0,3055
68,950;0,3125
69,000;0,3219
69,050;0,3334
69,100;0,3468
69,150;0,3621
69,200;0,3785
69,250;0,3960
69,300;0,4142
69,350;0,4331
69,400;0,4519
69,450;0,4706
69,500;0,4888
69,550;0,5064
69,600;0,5245
69,650;0,5397
69,700;0,5528
69,750;0,5640
69,800;0,5734
69,850;0,5807
69,900;0,5856
69,950;0,5881
70,000;0,5883
70,050;0,5860
70,100;0,5816
70,150;0,5748
70,200;0,5661
70,250;0,5556
70,300;0,5434
70,350;0,5298
70,400;0,5130
70,450;0,4972
70,500;0,4809
70,550;0,4643
70,600;0,4476
70,650;0,4313
70,700;0,4154
70,750;0,4004
70,800;0,3864
70,850;0,3737
70,900;0,3623
70,950;0,3528
71,000;0,3450
71,050;0,3391
71,100;0,3353
71,150;0,3335
71,200;0,3338
71,250;0,3362
71,300;0,3406
71,350;0,3468
71,400;0,3546
71,450;0,3641
71,500;0,3749
71,550;0,3869
71,600;0,3996
71,650;0,4131
71,700;0,4272
71,750;0,4413
71,800;0,4554
71,850;0,4692
71,900;0,4826
71,950;0,4952
72,000;0,5070
72,050;0,5192
72,100;0,5281
72,150;0,5359
72,200;0,5422
72,250;0,5467
72,300;0,5493
72,350;0,5504
72,400;0,5500
72,450;0,5476
72,500;0,5437
72,550;0,5382
72,600;0,5316
72,650;0,5225
72,700;0,5129
72,750;0,5029
72,800;0,4922
72,850;0,4811
72,900;0,4697
72,950;0,4583
73,000;0,4470
73,050;0,4358
73,100;0,4253
73,150;0,4153
73,200;0,4061
73,250;0,3982
73,300;0,3911
73,350;0,3852
73,400;0,3805
73,450;0,3772
73,500;0,3753
73,550;0,3746
73,600;0,3754
73,650;0,3773
73,700;0,3805
73,750;0,3848
73,800;0,3903
73,850;0,3965
73,900;0,4033
73,950;0,4111
74,000;0,4191
74,050;0,4276
74,100;0,4360
74,150;0,4446
74,200;0,4530
74,250;0,4613
74,300;0,4690
74,350;0,4763
74,400;0,4828
74,450;0,4887
74,500;0,4937
74,550;0,4980
74,600;0,5011
74,650;0,5034
74,700;0,5048
74,750;0,5052
74,800;0,5045
74,850;0,5030
74,900;0,5008
74,950;0,4977
75,000;0,4939
75,050;0,4896
75,100;0,4848
75,150;0,4797
75,200;0,4744
75,250;0,4687
75,300;0,4632
75,350;0,4575
75,400;0,4522
75,450;0,4468
75,500;0,4420
75,550;0,4375
75,600;0,4334
75,650;0,4297
75,700;0,4266
75,750;0,4242
75,800;0,4223
75,850;0,4209
75,900;0,4200
75,950;0,4198
76,000;0,4200
76,050;0,4209
76,100;0,4219
76,150;0,4234
76,200;0,4253
76,250;0,4275
76,300;0,4298
76,350;0,4323
76,400;0,4349
76,450;0,4375
76,500;0,4401
76,550;0,4427
76,600;0,4451
76,650;0,4473
76,700;0,4494
76,750;0,4513
76,800;0,4528
76,850;0,4544
76,900;0,4556
76,950;0,4566
77,000;0,4575
77,050;0,4580
77,100;0,4585
77,150;0,4589
77,200;0,4592
77,250;0,4594
77,300;0,4596
77,350;0,4598
77,400;0,4598
77,450;0,4599
77,500;0,4603
77,550;0,4604
77,600;0,4608
77,650;0,4613
77,700;0,4618
77,750;0,4623
77,800;0,4630
77,850;0,4637
77,900;0,4642
77,950;0,4649
78,000;0,4656
78,050;0,4661
78,100;0,4665
78,150;0,4668
78,200;0,4668
78,250;0,4668
78,300;0,4663
78,350;0,4656
78,400;0,4646
78,450;0,4634
78,500;0,4617
78,550;0,4598
78,600;0,4576
78,650;0,4550
78,700;0,4521
78,750;0,4490
78,800;0,4457
78,850;0,4421
78,900;0,4387
78,950;0,4351
79,000;0,4315
79,050;0,4280
79,100;0,4247
79,150;0,4216
79,200;0,4189
79,250;0,4166
79,300;0,4147
79,350;0,4133
79,400;0,4125
79,450;0,4124
79,500;0,4128
79,550;0,4141
79,600;0,4158
79,650;0,4186
79,700;0,4216
79,750;0,4256
79,800;0,4300
79,850;0,4352
79,900;0,4407
79,950;0,4467
80,000;0,4529
80,050;0,4594
80,100;0,4659
80,150;0,4725
80,200;0,4788
80,250;0,4850
80,300;0,4909
80,350;0,4963
80,400;0,5009
80,450;0,5049
80,500;0,5082
80,550;0,5105
80,600;0,5117
80,650;0,5119
80,700;0,5112
80,750;0,5092
80,800;0,5063
80,850;0,5022
80,900;0,4973
80,950;0,4913
81,000;0,4844
81,050;0,4768
81,100;0,4686
81,150;0,4598
81,200;0,4507
81,250;0,4414
81,300;0,4320
81,350;0,4225
81,400;0,4135
81,450;0,4049
81,500;0,3968
81,550;0,3896
81,600;0,3832
81,650;0,3778
81,700;0,3735
81,750;0,3707
81,800;0,3691
81,850;0,3689
81,900;0,3701
81,950;0,3728
82,000;0,3769
82,050;0,3825
82,100;0,3894
82,150;0,3975
82,200;0,4065
82,250;0,4165
82,300;0,4275
82,350;0,4390
82,400;0,4508
82,450;0,4630
82,500;0,4751
82,550;0,4869
82,600;0,4987
82,650;0,5097
82,700;0,5203
82,750;0,5306
82,800;0,5383
82,850;0,5447
82,900;0,5500
82,950;0,5533
83,000;0,5549
83,050;0,5548
83,100;0,5529
83,150;0,5492
83,200;0,5437
83,250;0,5366
83,300;0,5278
83,350;0,5178
83,400;0,5045
83,450;0,4920
83,500;0,4784
83,550;0,4644
83,600;0,4500
83,650;0,4354
83,700;0,4207
